model,scenario,recovery,mae_mean,mae_std,rmse_mean,rmse_std,delta_rmse_mean
lstm,clean,none,36.16891801834107,,45.23190806504335,,0.0
lstm,random_10,forward_fill,36.156284685134885,0.04928727066169309,45.23247540272981,0.025540453202906717,0.0005673376864573735
lstm,random_10,median,37.09257219632466,0.10698508452979114,45.41514727629494,0.05006913285119665,0.1832392112515938
lstm,random_20,forward_fill,36.17054961840312,0.06999668886398877,45.23023706594457,0.027973474229782077,-0.00167099909877777
lstm,random_20,median,38.02863989512125,0.03154559969609527,45.69262669046244,0.031011522943354266,0.4607186254190883
lstm,short_gap,forward_fill,36.242079753875736,,45.26389525862991,,0.031987193586559215
lstm,short_gap,median,36.568802165985105,,45.30671774452802,,0.0748096794846731
random_forest,clean,none,15.248039999999998,,21.302307281606844,,0.0
random_forest,random_10,forward_fill,15.118413333333331,0.16974740920948939,21.11122832322981,0.06950242218218314,-0.19107895837703262
random_forest,random_10,median,15.526493333333335,0.2328856211390753,20.913470264560143,0.24446889380464804,-0.3888370170467006
random_forest,random_20,forward_fill,14.87406666666667,0.18169680386108414,20.79821925563157,0.0947460395699891,-0.5040880259752735
random_forest,random_20,median,17.129493333333333,0.4401437880208396,21.87360562129258,0.18978031045580346,0.5712983396857337
random_forest,short_gap,forward_fill,15.288520000000004,,21.361578537177444,,0.05927125557060009
random_forest,short_gap,median,18.100640000000002,,23.316418867398998,,2.014111585792154
xgboost,clean,none,15.148588256835938,,19.594727346411588,,0.0
xgboost,random_10,forward_fill,15.273422101338705,0.2394270935274034,19.8580702524484,0.0790477813655555,0.26334290603681154
xgboost,random_10,median,16.040268987019857,0.18075944773942618,20.059332260385577,0.15404276463277636,0.4646049139739918
xgboost,random_20,forward_fill,15.231401583353678,0.2161255416322517,19.646617544107837,0.4261035006400611,0.05189019769624892
xgboost,random_20,median,17.398032976786293,0.4696385407207087,21.39783603126392,0.2869338958890242,1.803108684852333
xgboost,short_gap,forward_fill,15.441505622863769,,19.951167892123802,,0.3564405457122142
xgboost,short_gap,median,17.35323522567749,,21.41926149825037,,1.8245341518387832
