model,scenario,seed,recovery,gap_sensor,n_engines,prediction_seconds,mae,rmse,clean_mae,clean_rmse,delta_mae,delta_rmse
random_forest,clean,,none,,100,7.070616299934045,15.248039999999998,21.302307281606844,15.248039999999998,21.302307281606844,0.0,0.0
xgboost,clean,,none,,100,2.43349949997355,15.148588256835938,19.594727346411588,15.148588256835938,19.594727346411588,0.0,0.0
lstm,clean,,none,,100,0.353659799991874,36.16891801834107,45.23190806504335,36.16891801834107,45.23190806504335,0.0,0.0
random_forest,random_10,7.0,median,,100,7.303274700025213,15.379440000000002,20.885143320552054,15.248039999999998,21.302307281606844,0.13140000000000462,-0.4171639610547899
xgboost,random_10,7.0,median,,100,2.25888450005732,15.929434051513672,19.884170720835986,15.148588256835938,19.594727346411588,0.7808457946777345,0.2894433744243976
lstm,random_10,7.0,median,,100,0.36139460001140833,37.138542823791504,45.432060643100804,36.16891801834107,45.23190806504335,0.9696248054504366,0.20015257805745534
random_forest,random_10,7.0,forward_fill,,100,7.197871200012742,14.927919999999999,21.187478271847265,15.248039999999998,21.302307281606844,-0.3201199999999993,-0.11482900975957833
xgboost,random_10,7.0,forward_fill,,100,2.2593499000067823,15.0008274269104,19.76919895404427,15.148588256835938,19.594727346411588,-0.14776082992553796,0.17447160763268243
lstm,random_10,7.0,forward_fill,,100,0.3559918999890215,36.1092026424408,45.203245781057376,36.16891801834107,45.23190806504335,-0.059715375900267986,-0.028662283985973147
random_forest,random_10,17.0,median,,100,7.279868499979784,15.405040000000001,20.684398812631706,15.248039999999998,21.302307281606844,0.15700000000000358,-0.6179084689751377
xgboost,random_10,17.0,median,,100,2.276455499988515,16.24885528564453,20.12011751500072,15.148588256835938,19.594727346411588,1.1002670288085934,0.5253901685891336
lstm,random_10,17.0,median,,100,0.3585571000003256,37.16888861656189,45.45456931031362,36.16891801834107,45.23190806504335,0.9999705982208198,0.22266124527027387
random_forest,random_10,17.0,forward_fill,,100,7.275878799940983,15.25364,21.05142281177213,15.248039999999998,21.302307281606844,0.005600000000002936,-0.2508844698347126
xgboost,random_10,17.0,forward_fill,,100,2.2605933000231744,15.449649887084961,19.920532853106266,15.148588256835938,19.594727346411588,0.30106163024902344,0.3258055066946781
lstm,random_10,17.0,forward_fill,,100,0.35708460002206266,36.20751498222351,45.25048677984313,36.16891801834107,45.23190806504335,0.038596963882440605,0.018578714799780016
random_forest,random_10,27.0,median,,100,7.224041799912811,15.795,21.17086866049667,15.248039999999998,21.302307281606844,0.5469600000000021,-0.13143862111017413
xgboost,random_10,27.0,median,,100,2.303273200042895,15.942517623901367,20.173708545320032,15.148588256835938,19.594727346411588,0.793929367065429,0.5789811989084441
lstm,random_10,27.0,median,,100,0.3601431999486522,36.970285148620604,45.3588118754704,36.16891801834107,45.23190806504335,0.8013671302795373,0.12690381042705212
random_forest,random_10,27.0,forward_fill,,100,7.281596999986505,15.17368,21.094783886070037,15.248039999999998,21.302307281606844,-0.07435999999999865,-0.207523395536807
xgboost,random_10,27.0,forward_fill,,100,2.2790365000546444,15.369788990020751,19.884478950194662,15.148588256835938,19.594727346411588,0.2212007331848138,0.2897516037830741
lstm,random_10,27.0,forward_fill,,100,0.3614277000669972,36.152136430740356,45.243693647288914,36.16891801834107,45.23190806504335,-0.016781587600711134,0.011785582245565251
random_forest,random_20,7.0,median,,100,7.310155700048199,16.74292,21.753638404643947,15.248039999999998,21.302307281606844,1.4948800000000038,0.45133112303710377
xgboost,random_20,7.0,median,,100,2.2965995999256847,17.1279044342041,21.253101093034232,15.148588256835938,19.594727346411588,1.9793161773681636,1.6583737466226438
lstm,random_20,7.0,median,,100,0.3641477000055602,38.04733961105347,45.71548348843415,36.16891801834107,45.23190806504335,1.8784215927123995,0.4835754233908034
random_forest,random_20,7.0,forward_fill,,100,7.2311158000156865,14.88332,20.71484167064764,15.248039999999998,21.302307281606844,-0.3647199999999984,-0.5874656109592031
xgboost,random_20,7.0,forward_fill,,100,2.231185699980415,15.35566297531128,20.09502793887713,15.148588256835938,19.594727346411588,0.20707471847534187,0.5003005924655426
lstm,random_20,7.0,forward_fill,,100,0.36155889999645296,36.10319085121155,45.19796773442399,36.16891801834107,45.23190806504335,-0.06572716712951632,-0.03394033061935886
random_forest,random_20,17.0,median,,100,7.341485399963858,17.608520000000002,22.0924050551315,15.248039999999998,21.302307281606844,2.3604800000000044,0.790097773524657
xgboost,random_20,17.0,median,,100,2.325563299978967,17.940323581695555,21.728311828124674,15.148588256835938,19.594727346411588,2.7917353248596175,2.1335844817130862
lstm,random_20,17.0,median,,100,0.3688578000073903,38.04636152267456,45.70507065300883,36.16891801834107,45.23190806504335,1.8774435043334918,0.47316258796548283
random_forest,random_20,17.0,forward_fill,,100,7.202616299968213,15.050960000000002,20.90125090227855,15.248039999999998,21.302307281606844,-0.19707999999999615,-0.40105637932829197
xgboost,random_20,17.0,forward_fill,,100,2.2778405999342795,15.356699752807618,19.597798439828797,15.148588256835938,19.594727346411588,0.20811149597168033,0.003071093417208459
lstm,random_20,17.0,forward_fill,,100,0.3588703000204987,36.242915353775025,45.24760985241598,36.16891801834107,45.23190806504335,0.07399733543395826,0.015701787372627507
random_forest,random_20,27.0,median,,100,7.328957299920148,17.03704,21.774773404102284,15.248039999999998,21.302307281606844,1.7890000000000033,0.4724661224954403
xgboost,random_20,27.0,median,,100,2.271626000008837,17.125870914459227,21.212095172632857,15.148588256835938,19.594727346411588,1.9772826576232898,1.617367826221269
lstm,random_20,27.0,median,,100,0.36170100001618266,37.992218551635744,45.65732592994433,36.16891801834107,45.23190806504335,1.8233005332946775,0.42541786490097877
random_forest,random_20,27.0,forward_fill,,100,7.288050400013162,14.687920000000002,20.778565193968518,15.248039999999998,21.302307281606844,-0.560119999999996,-0.5237420876383254
xgboost,random_20,27.0,forward_fill,,100,2.262708499984001,14.981842021942139,19.247026253617584,15.148588256835938,19.594727346411588,-0.16674623489379847,-0.3477010927940043
lstm,random_20,27.0,forward_fill,,100,0.3609047000063583,36.165542650222775,45.24513361099375,36.16891801834107,45.23190806504335,-0.003375368118291533,0.013225545950398043
random_forest,short_gap,,median,sensor_11,100,7.253722400004335,18.100640000000002,23.316418867398998,15.248039999999998,21.302307281606844,2.8526000000000042,2.014111585792154
xgboost,short_gap,,median,sensor_11,100,2.3341872000455623,17.35323522567749,21.41926149825037,15.148588256835938,19.594727346411588,2.204646968841553,1.8245341518387832
lstm,short_gap,,median,sensor_11,100,0.3650505000332487,36.568802165985105,45.30671774452802,36.16891801834107,45.23190806504335,0.39988414764403757,0.0748096794846731
random_forest,short_gap,,forward_fill,sensor_11,100,7.30096630002663,15.288520000000004,21.361578537177444,15.248039999999998,21.302307281606844,0.040480000000005845,0.05927125557060009
xgboost,short_gap,,forward_fill,sensor_11,100,2.2908660000393866,15.441505622863769,19.951167892123802,15.148588256835938,19.594727346411588,0.29291736602783125,0.3564405457122142
lstm,short_gap,,forward_fill,sensor_11,100,0.36301000001549255,36.242079753875736,45.26389525862991,36.16891801834107,45.23190806504335,0.07316173553466854,0.031987193586559215
